<?xml version="1.0" encoding="utf-8"?>
<install_configuration>
	<info>
		<version>1.2.3</version>
		<name>Una Sezione (Installazione Rapida)</name>
		<type>section</type>
		<link>http://taison.altervista.org/</link>
	</info>
	<pre_inst>
		<message>Verra' installata una sezione.</message>
	</pre_inst>
	<inst>
		<action>
			<type>copydir</type>
			<source>15_Sezione_Rapida</source>
			<destination>15_Sezione_Rapida</destination>
		</action>
	</inst>
	<post_inst>
		<message>La sezione e' stata installata</message>
	</post_inst>
</install_configuration>
