<?xml version="1.0" encoding="utf-8"?>
<install_configuration>
	<info>
		<version>1.2.3</version>
		<name>Una Sezione (con configurazioni...)</name>
		<type>section</type>
		<link>http://taison.altervista.org/</link>
	</info>
	<pre_inst>
		<variable title="Inserisci il nome della sezione" default="Test">name</variable>
		<variable title="Inserisci la posizione della sezione" default="15">position</variable>
		<message>Verra' installata una sezione.</message>
	</pre_inst>
	<inst>
		<action>
			<type>makedir</type>
			<destination>@position@_@name@</destination>
		</action>
		<action>
			<type>copy</type>
			<source>15_Sezione_Rapida/section.php</source>
			<destination>@position@_@name@/section.php</destination>
		</action>
	</inst>
	<post_inst>
		<message>La sezione @name@ e' stata installata in posizione @position@</message>
	</post_inst>
</install_configuration>
