<?xml version="1.0" encoding="utf-8"?>
<install_configuration>
	<info>
		<version>1.2.3.4</version>
		<name>Un Tema</name>
		<type>theme</type>
		<link>http://taison.altervista.org/</link>
	</info>
	<pre_inst>
		<message>Verra' installato un tema.</message>
	</pre_inst>
	<inst>
		<action>
			<type>copydir</type>
			<source>Tema_Test</source>
			<destination>Tema_Test</destination>
		</action>
	</inst>
	<post_inst>
		<message>Il Tema e' stato installato</message>
	</post_inst>
</install_configuration>
